"","artist","on_board"
"1","? (Question Mark) & The Mysterians",4
"2","100 Proof Aged in Soul",1
"3","1910 Fruitgum Co.",7
"4","2 Of Clubs",1
"5","5 Stairsteps and Cubie",2
"6","A.B. Skhy",1
"7","Aaron Neville",2
"8","Abaco Dream",1
"9","Ace Cannon",1
"10","Adam Faith",1
"11","Adam Faith With The Roulettes",1
"12","Adam Wade",1
"13","Al (He's the King) Hirt",5
"14","Al Greene & The Soul Mate's",1
"15","Al Hirt",3
"16","Al Kent",1
"17","Al Martino",23
"18","Al Wilson",3
"19","Alan Price Set",1
"20","Albert King",1
"21","Allan Sherman",3
"22","Alvin Cash",1
"23","Alvin Cash & The Crawlers",2
"24","Alvin Cash & The Registers",2
"25","Alvin Robinson",1
"26","Andre Williams",1
"27","Andre Williams & His Orch.",1
"28","Andy Kim",5
"29","Andy Williams",14
"30","Andy Williams with the St. Charles Borromeo Choir",1
"31","Anita Bryant",1
"32","Anna King",1
"33","Anna King-Bobby Byrd",1
"34","Anthony & The Imperials",2
"35","Archie Bell & The Drells",8
"36","Aretha Franklin",24
"37","Arlo Guthrie",1
"38","Art Linkletter",1
"39","Arthur Conley",7
"40","Arthur Prysock",2
"41","Autry Inman",1
"42","B.B. King",16
"43","B.B. King And His Orchestra",1
"44","B.J. Thomas",9
"45","B.J. Thomas And The Triumphs",2
"46","Baby Ray",1
"47","Baby Washington",3
"48","Baja Marimba Band",3
"49","Bar-Kays",2
"50","Barbara & The Browns",1
"51","Barbara Acklin",3
"52","Barbara Greene",1
"53","Barbara Lewis",8
"54","Barbara Lynn",4
"55","Barbara Mason",7
"56","Barbra Streisand",10
"57","Barry Mann",1
"58","Barry McGuire",3
"59","Barry Ryan",1
"60","Barry Young",1
"61","Beau Brummels",1
"62","Bee Gees",11
"63","Ben Colder",2
"64","Ben E. King",7
"65","Bernadette Carroll",1
"66","Bert Kaempfert And His Orchestra",5
"67","Betty Everett",7
"68","Betty Everett & Jerry Butler",2
"69","Betty Harris",2
"70","Betty Wright",1
"71","Bettye Swann",3
"72","Big Brother & The Holding Company",3
"73","Big Maybelle",1
"74","Bill Black's Combo",5
"75","Bill Cosby",3
"76","Bill Deal & The Rhondels",4
"77","Bill Medley",3
"78","Bill Wyman",1
"79","Billie Jo Spears",1
"80","Billy Butler & The Chanters",1
"81","Billy Edd Wheeler",1
"82","Billy J. Kramer With The Dakotas",6
"83","Billy Joe Royal",7
"84","Billy Preston",1
"85","Billy Stewart",9
"86","Billy Strange",2
"87","Billy Vaughn And His Orchestra",2
"88","Billy Vera",1
"89","Billy Vera & Judy Clay",2
"90","Blackwell",1
"91","Blinky & Edwin Starr",1
"92","Blood, Sweat & Tears",3
"93","Blue Cheer",2
"94","Blues Magoos",4
"95","Bo Diddley",1
"96","Bob And Earl",1
"97","Bob Crewe Generation",2
"98","Bob Dylan",11
"99","Bob Kuban And The In-Men",3
"100","Bob Lind",3
"101","Bob Seger System",2
"102","Bobbi Martin",3
"103","Bobbie Gentry",4
"104","Bobbie Gentry & Glen Campbell",1
"105","Bobby Bare",3
"106","Bobby Bland",16
"107","Bobby Cole",1
"108","Bobby Darin",12
"109","Bobby Freeman",2
"110","Bobby Fuller Four",2
"111","Bobby Goldsboro",18
"112","Bobby Hatfield",1
"113","Bobby Hebb",3
"114","Bobby McClure",1
"115","Bobby Moore And The Rhythm Aces",1
"116","Bobby Moore's Rhythm Aces featuring Chico",1
"117","Bobby Powell",2
"118","Bobby Russell",1
"119","Bobby Rydell",5
"120","Bobby Shafto",1
"121","Bobby Sherman",2
"122","Bobby Taylor & The Vancouvers",3
"123","Bobby Vee",10
"124","Bobby Vee And The Strangers",4
"125","Bobby Vee With The Eligibles",1
"126","Bobby Vinton",23
"127","Bobby Womack",3
"128","Bobby Wood",1
"129","Bonnie & The Treasures",1
"130","Bonnie Guitar",1
"131","Booker T. & The MG's",12
"132","Boots Randolph",3
"133","Boots Walker",1
"134","Boston Pops Orchestra  Arthur Fiedler",1
"135","Brenda & The Tabulations",6
"136","Brenda Holloway",6
"137","Brenda Lee",17
"138","Brenton Wood",4
"139","Brian Hyland",9
"140","Brian Poole And The Tremeloes",1
"141","Brian Wilson",1
"142","Brook Benton",11
"143","Brooklyn Bridge",2
"144","Brooks O'Dell",1
"145","Brother Jack McDuff",1
"146","Bruce & Terry",2
"147","Bruce Channel",2
"148","Buchanan Brothers",2
"149","Buck Owens",5
"150","Buck Owens and The Buckaroos",4
"151","Bud Shank",1
"152","Buddy Miles Express",1
"153","Buddy Starcher",1
"154","Bull & The Matadors",1
"155","Bunny Sigler",2
"156","Burl Ives",2
"157","Burt Bacharach",1
"158","Cab Calloway",1
"159","Cal Tjader",1
"160","Calvin Arnold",1
"161","Candi Staton",1
"162","Candy & The Kisses",1
"163","Canned Heat",3
"164","Cannibal And The Headhunters",1
"165","Cannonball Adderley",2
"166","Carla Thomas",11
"167","Casinos",1
"168","Cat Mother & the All Night News Boys",1
"169","Cathy & Joe",1
"170","Chad & Jeremy",11
"171","Chambers Brothers",1
"172","Charley Pride",2
"173","Charlie Rich",1
"174","Cher",7
"175","Chet Atkins",1
"176","Chicago",1
"177","Chris Andrews",1
"178","Chris Bartley",1
"179","Chris Crosby",1
"180","Chris Montez",5
"181","Christine Quaite",1
"182","Chubby Checker",9
"183","Chuck Berry",6
"184","Chuck Jackson",8
"185","Chuck Jackson & Maxine Brown",5
"186","Cilla Black",3
"187","Clarence Ashe",1
"188","Clarence Carter",8
"189","Clarence Reid",1
"190","Classics IV",2
"191","Classics IV Featuring Dennis Yost",3
"192","Claudine Longet",4
"193","Clefs Of Lavender Hill",1
"194","Cliff Nobles & Co.",3
"195","Cliff Richard",3
"196","Cliff Richard And The Shadows",1
"197","Clifford Curry",1
"198","Clyde McPhatter",1
"199","Connie Francis",15
"200","Connie Stevens",1
"201","Count Five",1
"202","Country Joe & The Fish",1
"203","Crazy Elephant",1
"204","Cream",5
"205","Creedence Clearwater Revival",9
"206","Crispian St. Peters",3
"207","Crosby, Stills & Nash",2
"208","CROW",1
"209","Dale & Grace",3
"210","Dale Ward",1
"211","Dallas Frazier",1
"212","Damita Jo",1
"213","Dana Rollin",1
"214","Danny Hutton",1
"215","Danny Williams",2
"216","Darrell Banks",2
"217","Darrow Fletcher",1
"218","Dave Baby Cortez",1
"219","Dave Dee, Dozy, Beaky, Mick And Tich",1
"220","David & Jonathan",1
"221","David Houston",3
"222","David Houston & Tammy Wynette",1
"223","David Jones",1
"224","David Ruffin",3
"225","Davie Allan And The Arrows",2
"226","Davie Allen And The Arrows",1
"227","Dean And Jean",3
"228","Dean Martin",20
"229","Dean Parrish",1
"230","Debbie Taylor",1
"231","Dee Dee Sharp",3
"232","Dee Dee Warwick",5
"233","Dee Jay And The Runaways",1
"234","Deep Purple",3
"235","Del Reeves",1
"236","Del Shannon",6
"237","Della Humphrey",1
"238","Della Reese",2
"239","Dennis Yost And The Classics IV",2
"240","Deon Jackson",3
"241","Derek",2
"242","Derek Martin",1
"243","Desmond Dekker & The Aces",1
"244","Detroit Emeralds",1
"245","Diana Ross & The Supremes",10
"246","Diana Ross And The Supremes & The Temptations",1
"247","Diane Renay",2
"248","Dick and DeeDee",4
"249","Dick Hyman & His Electric Eclectics",1
"250","Dickey Lee",2
"251","Dickie Goodman",3
"252","Die Beatles",1
"253","Dino, Desi & Billy",6
"254","Dion",3
"255","Dion Di Muci",2
"256","Dionne Warwick",29
"257","Dobie Gray",2
"258","Don And The Goodtimes",2
"259","Don Covay",1
"260","Don Covay & The Goodtimers",2
"261","Don Fardon",1
"262","Don Ho and the Aliis",1
"263","Donna Lynn",1
"264","Donovan",13
"265","Donovan/Jeff Beck Group",1
"266","Dorothy Morrison",1
"267","Dorsey Burnette",1
"268","Dr. West's Medicine Show and Junk Band",1
"269","Drafi",1
"270","Duane Eddy",1
"271","Duke Baxter",1
"272","Dusty Springfield",17
"273","Dyke And The Blazers",4
"274","Earl Grant",1
"275","Earl-Jean",1
"276","Earth Opera",1
"277","Ed Ames",7
"278","Eddie Bo",1
"279","Eddie Fisher",2
"280","Eddie Floyd",9
"281","Eddie Harris",2
"282","Eddie Hodges",1
"283","Eddie Holland",3
"284","Eddie Holman",2
"285","Eddie Lovette",1
"286","Eddie Rambeau",1
"287","Eddy Arnold",14
"288","Edwin Starr",6
"289","Eivets Rednow",1
"290","Ella Washington",1
"291","Ellie Greenwich",1
"292","Elmo & Almo",1
"293","Elvis Presley",16
"294","Elvis Presley With The Jordanaires",25
"295","Elvis Presley With The Jordanaires and The Imperials Quartet",1
"296","Elvis Presley With The Jordanaires, Jubilee Four & Carol Lombard Trio",1
"297","Elvis Presley With The Jubilee Four And Carole Lombard Quartet",1
"298","Engelbert Humperdinck",9
"299","Eric Burdon & The Animals",8
"300","Erma Franklin",1
"301","Esther & Abi Ofarim",1
"302","Esther Phillips",2
"303","Esther Phillips Little Esther",1
"304","Eternity's Children",1
"305","Etta James",6
"306","Etta James & Sugar Pie DeSanto",2
"307","Every Father's Teenage Son",1
"308","Every Mothers' Son",4
"309","Everything Is Everything",1
"310","Evie Sands",1
"311","Eydie Gorme",3
"312","Fantastic Four",3
"313","Fats Domino",5
"314","Felice Taylor",1
"315","Ferrante & Teicher",1
"316","Fever Tree",1
"317","Five By Five",1
"318","Five Stairsteps & Cubie",4
"319","Flatt & Scruggs",1
"320","Flavor",1
"321","Flip Cartridge",1
"322","Fontella Bass",4
"323","Fontella Bass & Bobby McClure",2
"324","Four Jacks And A Jill",2
"325","Four Tops",21
"326","Frank Gallop",1
"327","Frank Ifield",1
"328","Frank Sinatra",19
"329","Frankie Karl & The Dreams",1
"330","Frankie Laine",8
"331","Frankie Valli",6
"332","Fred Hughes",2
"333","Freddie And The Dreamers",5
"334","Freddie Hughes",1
"335","Freddie McCoy",1
"336","Freddie Scott",4
"337","Freddy Cannon",3
"338","Freddy Scott",1
"339","Friend And Lover",2
"340","Funkadelic",1
"341","G.L. Crockett",1
"342","Gale Garnett",2
"343","Garland Green",1
"344","Garnet Mimms",5
"345","Garnet Mimms & The Enchanters",3
"346","Gary And The Hornets",1
"347","Gary Lewis And The Playboys",15
"348","Gary Puckett And The Union Gap",4
"349","Gene And Debbe",3
"350","Gene Chandler",14
"351","Gene Chandler & Barbara Acklin",1
"352","Gene Pitney",13
"353","Gene Simmons",1
"354","Gene Thomas",1
"355","George & Gene",1
"356","George Jones",1
"357","George Martin And His Orch.",1
"358","George Torrence & The Naturals",1
"359","Georgie Fame",1
"360","Georgie Fame And The Blue Flames",3
"361","Gerry And The Pacemakers",11
"362","Ginny Arnell",1
"363","Gladys Knight And The Pips",11
"364","Glen Campbell",11
"365","Glen Campbell & Bobbie Gentry",1
"366","Glenn Yarbrough",2
"367","Gloria Lynne",5
"368","Gloria Taylor",1
"369","Gloria Walker",1
"370","Gloria Walker/Chevelles",1
"371","Googie Rene Combo",1
"372","Grand Funk Railroad",2
"373","Grapefruit",1
"374","Groove Holmes",2
"375","Guy Marks",1
"376","Hamilton Camp",1
"377","Hank Jacobs",1
"378","Hank Williams Jr.",2
"379","Harlow Wilcox and the Oakies",1
"380","Harold Betters",1
"381","Harpers Bizarre",5
"382","Harvey Scales",1
"383","Hedgehoppers Anonymous",1
"384","Helena Ferguson",1
"385","Henry Mancini And His Orchestra",6
"386","Henson Cargill",1
"387","Herb Alpert",3
"388","Herb Alpert & The Tijuana Brass",17
"389","Herb Alpert's Tijuana Brass",3
"390","Herbie Mann",5
"391","Herman's Hermits",19
"392","Horst Jankowski",2
"393","Howard Tate",3
"394","Hugh Masekela",4
"395","Hugo Montenegro, His Orchestra And Chorus",2
"396","Ian Whitcomb",1
"397","Ian Whitcomb And Bluesville",2
"398","Ike & Tina Turner",5
"399","Ike & Tina Turner Featuring Tina",1
"400","Inez & Charlie Foxx",1
"401","Inez Foxx",2
"402","Irma Thomas",4
"403","Iron Butterfly",3
"404","Isaac Hayes",2
"405","J. Frank Wilson and The Cavaliers",2
"406","J.J. Barnes",2
"407","J.J. Jackson",2
"408","Jack Greene",1
"409","Jack Jones",17
"410","Jack Laforge His Piano and Orchestra",1
"411","Jackie DeShannon",8
"412","Jackie Lee",1
"413","Jackie Ross",3
"414","Jackie Wilson",13
"415","Jackie Wilson & Count Basie",2
"416","Jackie Wilson And LaVern Baker",1
"417","Jackson 5",1
"418","James & Bobby Purify",8
"419","James Brown",12
"420","James Brown And His Orchestra",3
"421","James Brown And The Famous Flames",22
"422","James Brown At The Organ",1
"423","James Carr",6
"424","James Darren",1
"425","James Phelps",1
"426","Jamo Thomas & His Party Brothers Orchestra",1
"427","Jan & Dean",13
"428","Jan Bradley",1
"429","Jane Birkin  Serge Gainsbourg",1
"430","Janis Ian",1
"431","Janis Joplin",1
"432","Jay & The Americans",15
"433","Jay And The Techniques",4
"434","Jean & The Darlings",1
"435","Jeannie C. Riley",3
"436","Jeannie Seely",1
"437","Jefferson",2
"438","Jefferson Airplane",7
"439","Jerry Butler",16
"440","Jerry Jaye",1
"441","Jerry Jeff Walker",1
"442","Jerry Lee Lewis",4
"443","Jerry Smith and his Pianos",1
"444","Jerry Vale",5
"445","Jerry Wallace",2
"446","Jerryo",1
"447","Jesse James",1
"448","Jewel Akens",2
"449","Jim & Jean",1
"450","Jim and Monica",1
"451","Jim Reeves",7
"452","Jimi Hendrix",1
"453","Jimmie Rodgers",3
"454","Jimmy Castor",1
"455","Jimmy Clanton",1
"456","Jimmy Cliff",1
"457","Jimmy Cross",1
"458","Jimmy Dean",1
"459","Jimmy Delphs",1
"460","Jimmy Gilmer And The Fireballs",2
"461","Jimmy Holiday",1
"462","Jimmy Hughes",4
"463","Jimmy James & The Vagabonds",1
"464","Jimmy McCracklin",3
"465","Jimmy McGriff",2
"466","Jimmy Roselli",1
"467","Jimmy Ruffin",5
"468","Jimmy Smith",5
"469","Jimmy Smith With Kenny Burrell And Grady Tate",1
"470","Jimmy Velvet",2
"471","Jimmy Witherspoon",1
"472","Jo Ann & Troy",1
"473","Joan Baez",2
"474","Jody Miller",4
"475","Joe Cocker",4
"476","Joe Hinton",1
"477","Joe Simon",12
"478","Joe South",2
"479","Joe South and The Believers",1
"480","Joe Tex",24
"481","Joey Powers",1
"482","John & Anne Ryder",1
"483","John Barry and His Orchestra",1
"484","John Fred And The Playboys",2
"485","John Gary",1
"486","John Mayall",1
"487","John Roberts",1
"488","John Sebastian",1
"489","John Stewart",1
"490","John W. Anderson presents KaSandra",1
"491","John Wesley Ryles, I",1
"492","Johnnie Taylor",6
"493","Johnny Adams",3
"494","Johnny and The Expressions",1
"495","Johnny Bond",1
"496","Johnny Cash",12
"497","Johnny Crawford",1
"498","Johnny Lytle",1
"499","Johnny Mathis",6
"500","Johnny Nash",4
"501","Johnny Rivers",19
"502","Johnny Sea",1
"503","Johnny Thunder",1
"504","Johnny Thunder & Ruby Winters",1
"505","Johnny Tillotson",9
"506","Jon & Robin",1
"507","Jon & Robin And The In Crowd",2
"508","Jonathan King",2
"509","Jose Feliciano",8
"510","Jr. Walker & The All Stars",15
"511","Judy Clay & William Bell",1
"512","Judy Collins",5
"513","Julie Andrews-Dick Van Dyke",1
"514","Julie Monday",1
"515","Julie Rogers",2
"516","Jumpin' Gene Simmons",1
"517","Just Us",1
"518","Justine Washington",1
"519","Kasenetz-Katz Singing Orchestral Circus",1
"520","Kathy Kirby",1
"521","Keith",4
"522","Keith Barbour",1
"523","Kenny O'Dell",2
"524","Kenny Rogers & The First Edition",2
"525","Kim Weston",3
"526","King Curtis",4
"527","King Curtis & The Kingpins",6
"528","Ko Ko Taylor",1
"529","Kool & The Gang",2
"530","Lalo Schifrin",1
"531","Larry Williams & Johnny Watson",1
"532","Laura Lee",3
"533","LaVern Baker",1
"534","Lawrence Reynolds",1
"535","Lawrence Welk And His Orchestra",2
"536","Leapy Lee",1
"537","Led Zeppelin",2
"538","Lee Dorsey",7
"539","Lee Morgan",1
"540","Lefty Frizzell",1
"541","Lemon Pipers",1
"542","Len Barry",6
"543","Lenny O'Henry",1
"544","Lenny Welch",6
"545","Leon Hayward",1
"546","Leon Haywood",2
"547","Leroy Pullins",1
"548","Lesley Gore",17
"549","Linda Jones",3
"550","Linda Ronstadt & The Stone Poneys",1
"551","Linda Scott",1
"552","Little Anthony And The Imperials",9
"553","Little Caesar And The Consuls",1
"554","Little Carl Carlton",1
"555","Little Jimmy Dickens",1
"556","Little Johnny Taylor",1
"557","Little Jr. Parker",1
"558","Little Milton",7
"559","Little Peggy March",1
"560","Little Richard",2
"561","Little Stevie Wonder",1
"562","Liverpool Five",1
"563","Lloyd Price",1
"564","Long John Baldry",1
"565","Lonnie Mack",1
"566","Lorne Greene",2
"567","Lorraine Ellison",2
"568","Los Bravos",3
"569","Los Indios Tabajaras",1
"570","Los Pop Tops",1
"571","Lou Christie",8
"572","Lou Courtney",2
"573","Lou Donaldson",1
"574","Lou Johnson",2
"575","Lou Rawls",9
"576","Louis Armstrong",2
"577","Louis Armstrong And The All Stars",2
"578","Love",2
"579","Lowell Fulsom",3
"580","Lucille Starr",1
"581","Lulu",5
"582","Lulu And The Luvers",1
"583","Lyme & Cybelle",1
"584","Mable John",1
"585","Madeline Bell",1
"586","Magic Lanterns",1
"587","Major Lance",9
"588","Mama Cass",3
"589","Mama Cass Elliot",1
"590","Mama Cass With The Mamas & The Papas",1
"591","Manfred Mann",6
"592","Manny Kellem - His Orchestra And Voices",1
"593","Margaret Whiting",2
"594","Marianne Faithfull",5
"595","Mark Lindsay",2
"596","Marlena Shaw",1
"597","Martha & The Vandellas",13
"598","Martha Reeves & The Vandellas",6
"599","Marty Robbins",1
"600","Marva Whitney",1
"601","Marvin Gaye",17
"602","Marvin Gaye & Kim Weston",2
"603","Marvin Gaye & Mary Wells",2
"604","Marvin Gaye & Tammi Terrell",9
"605","Mary Hopkin",2
"606","Mary Wells",12
"607","Mason Williams",4
"608","Matt Monro",1
"609","Max Frost And The Troopers",1
"610","Maxine Brown",6
"611","MC5",1
"612","Mel And Tim",1
"613","Mel Carter",6
"614","Mercy",2
"615","Merle Haggard And The Strangers",1
"616","Merrilee Rush",1
"617","Merrilee Rush & The Turnabouts",2
"618","Michele Lee",1
"619","Mickey Lee Lane",1
"620","Mickey Murray",1
"621","Micky Dolenz",1
"622","Mike Douglas",1
"623","Mike Sharpe",1
"624","Mike Williams",1
"625","Millie Small",2
"626","Miriam Makeba",2
"627","Mitch Ryder",4
"628","Mitch Ryder And The Detroit Wheels",7
"629","Mitty Collier",3
"630","Moby Grape",1
"631","Moms Mabley",1
"632","Mongo Santamaria",3
"633","Motherlode",1
"634","Mrs. Miller",2
"635","Murry Kellum",1
"636","Nancy Ames",2
"637","Nancy Sinatra",16
"638","Nancy Sinatra & Frank Sinatra",1
"639","Nancy Sinatra & Lee Hazlewood",3
"640","Nancy Sinatra with Lee Hazlewood",1
"641","Nancy Wilson",7
"642","Napoleon XIV",1
"643","Nat King Cole",6
"644","Nazz",1
"645","Neal Hefti",1
"646","Ned Miller",1
"647","Neil Diamond",15
"648","Neil Sedaka",4
"649","Nella Dodds",2
"650","New Colony Six",3
"651","Nick DeCaro",1
"652","Nilsson",2
"653","Nina Simone",3
"654","Nino Tempo & April Stevens",6
"655","Noel Harrison",2
"656","Norma Tanega",1
"657","O.C. Smith",6
"658","O.V. Wright",2
"659","Ohio Express",9
"660","Ola & The Janglers",1
"661","Oliver",3
"662","Ollie & The Nightingales",1
"663","Orpheus",2
"664","Oscar Toney, Jr.",4
"665","Otis & Carla",3
"666","Otis Clay",1
"667","Otis Leavill",1
"668","Otis Redding",24
"669","P.F. Sloan",1
"670","P.J. Proby",3
"671","Pat Boone",3
"672","Patti Drew",3
"673","Patti LaBelle And The Blue Belles",4
"674","Patti Page",4
"675","Patty & The Emblems",1
"676","Patty Duke",4
"677","Paul Anka",4
"678","Paul Mauriat",1
"679","Paul Mauriat And His Orchestra",2
"680","Paul Peek",1
"681","Paul Petersen",1
"682","Paul Revere & The Raiders",3
"683","Paul Revere & The Raiders Featuring Mark Lindsay",13
"684","Paul Vance",1
"685","Peaches & Herb",10
"686","Peggy Lee",2
"687","Peggy Scott & Jo Jo Benson",4
"688","People",1
"689","Peppermint Rainbow",1
"690","Percy Sledge",13
"691","Perry Como",5
"692","Pete Drake And His Talking Steel Guitar",1
"693","Pete Seeger",1
"694","Peter And Gordon",14
"695","Peter Sarstedt",1
"696","Peter, Paul & Mary",12
"697","Petula Clark",19
"698","Phyllis McGuire",1
"699","Pieces Of Eight",1
"700","Piero Umiliani",1
"701","Pigmeat Markham",1
"702","Plastic Ono Band",2
"703","Porter Wagoner",1
"704","Pozo Seco Singers",6
"705","Pretty Purdie",1
"706","Prince Buster",1
"707","Procol Harum",2
"708","Professor Morrison's Lollipop",1
"709","Quicksilver Messenger Service",1
"710","R.B. Greaves",1
"711","Radiants",2
"712","Ramsey Lewis",8
"713","Ramsey Lewis Trio",5
"714","Ray Bryant",1
"715","Ray Charles",22
"716","Ray Charles & Jimmy Lewis",1
"717","Ray Charles & The Raelets",1
"718","Ray Charles and his Orchestra",6
"719","Ray Conniff And The Singers",2
"720","Ray Peterson",1
"721","Ray Price",1
"722","Ray Stevens",6
"723","Raymond Lefevre and His Orchestra",1
"724","Red Skelton",1
"725","Red Sovine",1
"726","Rejoice!",1
"727","Rene & Rene",2
"728","Reparata And The Delrons",2
"729","Rev. Martin Luther King, Jr.",1
"730","Rhinoceros",1
"731","Ricardo Ray",1
"732","Richard And The Young Lions",1
"733","Richard Burton",1
"734","Richard Chamberlain",1
"735","Richard Groove Holmes",1
"736","Richard Harris",3
"737","Rick Nelson",8
"738","Rita Coolidge",1
"739","Rita Pavone",1
"740","Robert Goulet",2
"741","Robert John",1
"742","Robert Knight",3
"743","Robert Maxwell His Harp And Orchestra",2
"744","Robert Mitchum",1
"745","Robert Parker",2
"746","Robin Ward",1
"747","Rock & Roll Double Bubble",1
"748","Roddie Joy",1
"749","Roger Miller",15
"750","Roger Williams",8
"751","Romeo & Juliet Soundtrack",1
"752","Ronnie Dove",20
"753","Ronny And The Daytonas",5
"754","Rosco Robinson",1
"755","Round Robin",1
"756","Roy Clark",1
"757","Roy Head",3
"758","Roy Head And The Traits",3
"759","Roy Orbison",12
"760","Roy Orbison And The Candy Men",1
"761","Ruby And The Romantics",4
"762","Ruby Andrews",3
"763","Ruby Winters",2
"764","Rufus & Carla",2
"765","Rufus Thomas",4
"766","Sagittarius",2
"767","Sally Field",1
"768","Sam & Bill",2
"769","Sam & Dave",13
"770","Sam Cooke",12
"771","Sam The Sham and the Pharaohs",9
"772","Sammy Davis Jr.",4
"773","Sammy Kaye And His Orchestra",1
"774","San Remo Golden Strings",1
"775","Sandie Shaw",3
"776","Sandy Nelson",1
"777","Sandy Posey",5
"778","Santana",1
"779","Santo & Johnny",1
"780","Sarah Vaughan",1
"781","Savoy Brown",1
"782","Scott English",1
"783","Scott McKenzie",2
"784","Senator Bobby & Senator McKinley",1
"785","Senator Bobby Featuring Bill Minkin",1
"786","Senator Everett McKinley Dirksen",1
"787","Sergio Mendes & Brasil '66",10
"788","Shades Of Blue",2
"789","Shadows Of Knight",2
"790","Shango",1
"791","Shannon",1
"792","Sharpees",1
"793","Shelby Flint",1
"794","Shirley Bassey",1
"795","Shirley Ellis",6
"796","Shorty Long",3
"797","Simon & Garfunkel",10
"798","Simon Stokes/Nighthawks",1
"799","Sir Douglas Quintet",4
"800","Siw Malmkvist-Umberto Marcato",1
"801","Skeeter Davis",3
"802","Slim Harpo",1
"803","Sly & The Family Stone",8
"804","Small Faces",2
"805","Smith",1
"806","Smokey Robinson & The Miracles",11
"807","Solomon Burke",15
"808","Sonny",2
"809","Sonny & Cher",14
"810","Sonny Charles & The Checkmates, Ltd.",1
"811","Sonny James",6
"812","Sonny Knight",2
"813","Soul Brothers Six",1
"814","Soul Sisters",2
"815","Soul Survivors",3
"816","Sounds Orchestral",2
"817","Soupy Sales",1
"818","Southwest F.O.B.",1
"819","Spanky And Our Gang",9
"820","Spiral Starecase",2
"821","Spirit",1
"822","Spyder Turner",2
"823","SSgt Barry Sadler",2
"824","Stan Getz/Astrud Gilberto",1
"825","Steam",1
"826","Steppenwolf",6
"827","Steve & Eydie",1
"828","Steve Alaimo",3
"829","Steve Greenberg",1
"830","Steve Lawrence",2
"831","Stevie Wonder",16
"832","Stone Poneys Featuring Linda Ronstadt",1
"833","Strawberry Alarm Clock",5
"834","Sue Thompson",1
"835","Sugar Pie DeSanto",1
"836","Sunny & The Sunliners",1
"837","Supremes & Temptations",2
"838","Susan Christie",1
"839","Swingin' Medallions",1
"840","Syl Johnson",3
"841","Syndicate Of Sound",2
"842","Tamiko Jones with Herbie Mann",1
"843","Tammi Terrell",3
"844","Tammy Wynette",4
"845","Ted Taylor",1
"846","Terry Black",1
"847","Terry Knight and The Pack",1
"848","Terry Stafford",2
"849","The 4 Seasons",8
"850","The 4 Seasons Featuring the Sound of Frankie Valli",17
"851","The 5th Dimension",11
"852","The Abbey Tavern Singers",1
"853","The Ad Libs",2
"854","The Amboy Dukes",1
"855","The American Breed",5
"856","The Angels",1
"857","The Animals",10
"858","The Arbors",4
"859","The Archies",4
"860","The Arrows Featuring Davie Allan",1
"861","The Artistics",2
"862","The Association",11
"863","The Astors",1
"864","The Avant-Garde",1
"865","The Bachelors",9
"866","The Baja Marimba Band",1
"867","The Ballads",1
"868","The Balloon Farm",1
"869","The Baltimore And Ohio Marching Band",1
"870","The Banana Splits",1
"871","The Band",2
"872","The Bar-Kays",1
"873","The Barbarians",2
"874","The Baskerville Hounds",1
"875","The Beach Boys",27
"876","The Beatles",56
"877","The Beatles With Billy Preston",2
"878","The Beatles With Tony Sheridan",2
"879","The Beau Brummels",5
"880","The Bermudas",1
"881","The Blades Of Grass",1
"882","The Blendells",1
"883","The Blues Project",1
"884","The Box Tops",9
"885","The Brass Ring featuring Phil Bodner",2
"886","The Brooklyn Bridge",1
"887","The Brooklyn Bridge Featuring Johnny Maestro",2
"888","The Brothers Four",1
"889","The Bubble Puppy",1
"890","The Buckinghams",7
"891","The Buena Vistas",2
"892","The Buffalo Springfield",5
"893","The Butterflys",1
"894","The Byrds",15
"895","The C.O.D.'s",1
"896","The Candymen",1
"897","The Capitols",3
"898","The Caravelles",2
"899","The Carefrees",1
"900","The Cascades",2
"901","The Casinos",1
"902","The Castaways",1
"903","The Chad Mitchell Trio",1
"904","The Chambers Brothers",3
"905","The Changin' Times",1
"906","The Charles Randolph Grean Sounde",1
"907","The Chartbusters",2
"908","The Checkmates, Ltd.",1
"909","The Checkmates, Ltd. featuring Sonny Charles",1
"910","The Cherry People",1
"911","The Chi-lites",2
"912","The Chicago Loop",1
"913","The Chiffons",6
"914","The Choir",1
"915","The Clique",2
"916","The Coasters",1
"917","The Contours",5
"918","The Cookies",1
"919","The Cowsills",8
"920","The Crampton Sisters",1
"921","The Crazy World Of Arthur Brown",1
"922","The Crescents Featuring Chiyo",1
"923","The Critters",4
"924","The Cryan' Shames",5
"925","The Crystal Mansion",1
"926","The Crystals",2
"927","The Cuff Links",2
"928","The Cyrkle",6
"929","The Dave Clark Five",24
"930","The Delfonics",8
"931","The Dells",11
"932","The Detergents",2
"933","The Devotions",1
"934","The Diplomats",1
"935","The Dixie Cups",5
"936","The Dixie Drifter",1
"937","The Dixiebelles",1
"938","The Dolphins",1
"939","The Doors",9
"940","The Drew-Vels",1
"941","The Drifters",12
"942","The Duprees",1
"943","The Duprees featuring Joey Vann",2
"944","The Dynamics",2
"945","The Dynatones",1
"946","The Easybeats",2
"947","The Edwin Hawkins' Singers Featuring: Dorothy Combs Morrison",1
"948","The Electric Indian",2
"949","The Electric Prunes",2
"950","The Elgins",4
"951","The Emotions",1
"952","The Emperor's",1
"953","The Enchanters",1
"954","The Epic Splendor",1
"955","The Equals",1
"956","The Esquires",3
"957","The Everly Brothers",3
"958","The Exciters",3
"959","The Fantastic Four",1
"960","The Fantastic Johnny C",4
"961","The Fascinations",1
"962","The Fifth Estate",1
"963","The Fireballs",4
"964","The First Edition",2
"965","The Five Americans",6
"966","The Five Emprees",1
"967","The Five Stairsteps",6
"968","The Flaming Ember",1
"969","The Flamingos",1
"970","The Flirtations",1
"971","The Flying Machine",1
"972","The Formations",1
"973","The Fortunes",3
"974","The Forum",1
"975","The Foundations",5
"976","The Four Preps",1
"977","The Four Sonics",1
"978","The Four-Evers",1
"979","The Friends Of Distinction",3
"980","The Fun And Games",1
"981","The Gants",1
"982","The Gentrys",3
"983","The Gestures",1
"984","The Girlfriends",1
"985","The Glass House",1
"986","The Glories",1
"987","The Goodees",1
"988","The Grass Roots",11
"989","The Greenwood County Singers",1
"990","The Greenwoods",1
"991","The Guess Who",5
"992","The Gunter Kallmann Chorus",1
"993","The Happenings",9
"994","The Harden Trio",1
"995","The Hardtimes",1
"996","The Hesitations",4
"997","The Holidays",1
"998","The Hollies",14
"999","The Hollyridge Strings",1
"1000","The Hombres",1
"1001","The Hondells",3
"1002","The Honey Cone",2
"1003","The Honeycombs",2
"1004","The Hullaballoos",2
"1005","The Human Beinz",2
"1006","The Ides Of March",2
"1007","The Ikettes",2
"1008","The Illusion",2
"1009","The Impressions",25
"1010","The In Crowd",1
"1011","The Innocence",2
"1012","The Intrigues",2
"1013","The Intruders",8
"1014","The Irish Rovers",3
"1015","The Isley Brothers",8
"1016","The Iveys",1
"1017","The Ivy League",1
"1018","The James Boys",1
"1019","The Jazz Crusaders",1
"1020","The Jelly Beans",2
"1021","The Jewels",1
"1022","The Jimi Hendrix Experience",4
"1023","The Jive Five (featuring Eugene Pitt)",1
"1024","The Joe Cuba Sextet",2
"1025","The Joe Jeffrey Group",1
"1026","The Johnny Mann Singers",1
"1027","The Kids Next Door",1
"1028","The Kingpins",1
"1029","The Kingsmen",8
"1030","The Kingston Trio",1
"1031","The Kinks",11
"1032","The Knickerbockers",3
"1033","The Knight Bros.",1
"1034","The Larks",1
"1035","The Last Word",1
"1036","The Leaves",1
"1037","The Left Banke",3
"1038","The Lemon Pipers",2
"1039","The Lettermen",11
"1040","The Lewis & Clarke Expedition",1
"1041","The Love Generation",2
"1042","The Lovin' Spoonful",14
"1043","The Mad Lads",3
"1044","The Magic Mushrooms",1
"1045","The Magistrates",1
"1046","The Magnificent Men",2
"1047","The Mamas & The Papas",14
"1048","The Manhattans",4
"1049","The Mar-Keys",1
"1050","The Marketts",3
"1051","The Marvelettes",15
"1052","The Marvelows",1
"1053","The Maskman & The Agents",2
"1054","The Masqueraders",1
"1055","The Mauds",1
"1056","The McCoys",9
"1057","The Merry-Go-Round",2
"1058","The Meters",4
"1059","The Metros",1
"1060","The Mills Brothers",3
"1061","The Mindbenders",2
"1062","The Miracles",11
"1063","The Mirettes",1
"1064","The Mojo Men",3
"1065","The Moments",3
"1066","The Monarchs",1
"1067","The Monitors",1
"1068","The Monkees",17
"1069","The Montanas",1
"1070","The Moody Blues",6
"1071","The Murmaids",1
"1072","The Music Explosion",2
"1073","The Music Machine",2
"1074","The Music Makers",1
"1075","The Mustangs",1
"1076","The Nashville Teens",2
"1077","The Neon Philharmonic",1
"1078","The New Christy Minstrels",3
"1079","The New Colony Six",4
"1080","The New Establishment",1
"1081","The New Vaudeville Band",2
"1082","The Newbeats",7
"1083","The Nightcrawlers",1
"1084","The Nitty Gritty Dirt Band",1
"1085","The Novas",1
"1086","The O'Jays",7
"1087","The O'Kaysions",2
"1088","The Olympics",3
"1089","The Original Caste",1
"1090","The Originals",1
"1091","The Orlons",4
"1092","The Outsiders",4
"1093","The Ovations (featuring Louis Williams)",1
"1094","The Overlanders",1
"1095","The Packers",1
"1096","The Parade",1
"1097","The Paris Sisters",1
"1098","The Parliaments",2
"1099","The Peanut Butter Conspiracy",1
"1100","The Peels",1
"1101","The Peppermint Rainbow",1
"1102","The Peppermint Trolley Company",1
"1103","The Pete Klint Quintet",1
"1104","The Pixies Three",3
"1105","The Platters",5
"1106","The Poets",1
"1107","The Poppies",1
"1108","The Precisions",1
"1109","The Premiers",1
"1110","The Pyramids",1
"1111","The Radiants",1
"1112","The Raeletts",1
"1113","The Rag Dolls",2
"1114","The Raindrops",3
"1115","The Rainy Daze",1
"1116","The Ramblers",1
"1117","The Rascals",6
"1118","The Rationals",1
"1119","The Ray Charles Singers",5
"1120","The Ray Conniff Singers",1
"1121","The Razor's Edge",1
"1122","The Reflections",3
"1123","The Righteous Brothers",16
"1124","The Rip Chords",3
"1125","The Rivieras",4
"1126","The Rolling Stones",23
"1127","The Romeos",1
"1128","The Ron-Dels",1
"1129","The Ronettes",4
"1130","The Ronettes Featuring Veronica",3
"1131","The Rose Garden",1
"1132","The Royal Guardsmen",7
"1133","The Royalettes",2
"1134","The Rugbys",1
"1135","The San Remo Golden Strings",1
"1136","The Sandpebbles",3
"1137","The Sandpipers",3
"1138","The Sapphires",2
"1139","The Scaffold",1
"1140","The Searchers",13
"1141","The Secrets",1
"1142","The Seeds",4
"1143","The Seekers",4
"1144","The Serendipity Singers",2
"1145","The Shades Of Blue",1
"1146","The Shadows Of Knight",3
"1147","The Shangri-Las",11
"1148","The Sheep",1
"1149","The Shindogs",1
"1150","The Shirelles",6
"1151","The Shocking Blue",1
"1152","The Show Stoppers",1
"1153","The Showmen",1
"1154","The Sidekicks",1
"1155","The Silkie",1
"1156","The Simon Sisters",1
"1157","The Singing Nun (Soeur Sourire)",1
"1158","The Ska Kings",1
"1159","The Skyliners",1
"1160","The Smoke Ring",1
"1161","The Sopwith Camel",2
"1162","The Soul Children",1
"1163","The Soul Clan",1
"1164","The Soul Sisters",1
"1165","The Soulful Strings",1
"1166","The Spats Featuring Dick Johnson",1
"1167","The Spellbinders",2
"1168","The Spencer Davis Group",5
"1169","The Spinners",1
"1170","The Spokesmen",1
"1171","The Standells",4
"1172","The Staple Singers",2
"1173","The Statler Brothers",1
"1174","The Status Quo",2
"1175","The Steelers",1
"1176","The Steve Miller Band",1
"1177","The Strangeloves",4
"1178","The Sunglows",1
"1179","The Sunrays",3
"1180","The Sunshine Company",3
"1181","The Superbs",1
"1182","The Supremes",15
"1183","The Surfaris",1
"1184","The Swans",1
"1185","The Sweet Inspirations",5
"1186","The Swingin' Medallions",1
"1187","The Swinging Blue Jeans",3
"1188","The T-Bones",2
"1189","The T.S.U. Toronadoes",1
"1190","The Tams",6
"1191","The Temptations",22
"1192","The Third Rail",1
"1193","The Thirteenth Floor Elevators",1
"1194","The Three Degrees",2
"1195","The Tokens",5
"1196","The Toys",4
"1197","The Trade Winds",2
"1198","The Traits",1
"1199","The Trashmen",2
"1200","The Tremeloes",4
"1201","The Troggs",4
"1202","The Trolls",1
"1203","The Turtles",16
"1204","The Tymes",5
"1205","The Unifics",3
"1206","The Union Gap Featuring Gary Puckett",2
"1207","The Uniques",1
"1208","The Uniques Featuring Joe Stampley",1
"1209","The Unknowns",1
"1210","The Vacels",1
"1211","The Valentinos",1
"1212","The Van Dykes",1
"1213","The Vanilla Fudge",2
"1214","The Vejtables",1
"1215","The Velvelettes",2
"1216","The Ventures",6
"1217","The Vibrations",3
"1218","The Village Stompers",2
"1219","The Viscounts",1
"1220","The Vogues",14
"1221","The Vontastics",1
"1222","The Waikikis",2
"1223","The Wailers",1
"1224","The Walker Bros.",3
"1225","The Watts 103rd St. Rhythm Band",1
"1226","The Watts 103rd Street Rhythm Band",1
"1227","The Who",9
"1228","The Wildweeds",1
"1229","The Will-O-Bees",1
"1230","The Winstons",2
"1231","The Womenfolk",1
"1232","The Wonder Who?",4
"1233","The Woolies",1
"1234","The Yardbirds",9
"1235","The Yellow Balloon",1
"1236","The You Know Who Group!",1
"1237","The Young Holt Trio",1
"1238","The Young Rascals",9
"1239","The Youngbloods",2
"1240","The Zombies",5
"1241","Thee Midniters",1
"1242","Thee Prophets",1
"1243","Them",3
"1244","Thomas & Richard Frost",1
"1245","Three Dog Night",4
"1246","Thunderclap Newman",1
"1247","Tim Hardin",1
"1248","Tim Tam And The Turn-Ons",1
"1249","Timi Yuro",1
"1250","Timmy Shaw",1
"1251","Tiny Tim",3
"1252","Tom and Jerrio",1
"1253","Tom Jones",18
"1254","Tom Northcott",1
"1255","Tommy Boyce & Bobby Hart",4
"1256","Tommy Cash",1
"1257","Tommy James And The Shondells",17
"1258","Tommy Leonetti",1
"1259","Tommy McLain",1
"1260","Tommy Roe",13
"1261","Tommy Tucker",2
"1262","Tompall & The Glaser Brothers",1
"1263","Tony Bennett",10
"1264","Tony Clarke",2
"1265","Tony Joe White",2
"1266","Toussaint McCall",2
"1267","Tracey Dey",2
"1268","Traffic featuring Stevie Winwood",1
"1269","Travis Wammack",1
"1270","Trini Lopez",12
"1271","Troy Keyes",1
"1272","Tyrone Davis",2
"1273","Underground Sunshine",1
"1274","Unit Four plus Two",2
"1275","Van Morrison",1
"1276","Vanilla Fudge",3
"1277","Vanity Fare",1
"1278","Verdelle Smith",2
"1279","Vic Damone",1
"1280","Vic Dana",9
"1281","Vicki Anderson & James Brown",1
"1282","Victor Lundberg",1
"1283","Vik Venus Alias: Your Main Moon Man",1
"1284","Vikki Carr",6
"1285","Wallace Brothers",1
"1286","Walter Jackson",6
"1287","Walter Wanderley",1
"1288","Watts 103rd Street Rhythm Band",1
"1289","Waylon Jennings & The Kimberlys",1
"1290","Wayne Fontana & The Mindbenders",2
"1291","Wayne Newton",8
"1292","We Five",2
"1293","Wes Montgomery",2
"1294","Whistling Jack Smith",1
"1295","Wilbert Harrison",1
"1296","William Bell",3
"1297","Willie Mitchell",9
"1298","Willie Tee",1
"1299","Wilmer And The Dukes",1
"1300","Wilson Pickett",23
"1301","Wind",1
"1302","Young Hearts",1
"1303","Young-Holt Unlimited",2
"1304","Z.Z. Hill",1
"1305","Zager & Evans",1
